﻿{"cameraMode":{"drawMode":0,"name":"Shaded","section":"Shading Mode"},"sceneLighting":true,"audioPlay":false,"sceneViewState":{"showFog":true,"showMaterialUpdate":false,"showSkybox":true,"showFlares":true,"showImageEffects":true,"showParticleSystems":true},"in2DMode":false,"pivot":{"x":3.6104397773742677,"y":-1.2057404518127442,"z":4.021162509918213},"rotation":{"x":-0.1168646365404129,"y":-0.05449752137064934,"z":0.006422568112611771,"w":-0.9916328191757202},"size":10.497359275817871,"orthographic":false}